firstName,lastName,email,phoneNumber
Thejas,Bharadwaj,thejas.b@gmail.com,9004997723
John,Doe,john.doe@gmail.com,1234567890
Alice,Smith,alice.smith@gmail.com,9876543210
Bob,Johnson,bob.johnson@gmail.com,5555555555
Eva,Williams,eva.williams@gmail.com,1111222233
Michael,Davis,michael.davis@gmail.com,9998887777
Sophia,Anderson,sophia.anderson@gmail.com,3333444455
William,Moore,william.moore@gmail.com,7777666655
Olivia,Jones,olivia.jones@gmail.com,2222333344
Liam,Miller,liam.miller@gmail.com,6666777888
Emma,Johnson,emma.johnson@gmail.com,4444333322
Daniel,White,daniel.white@gmail.com,1111888877
Ava,Martin,ava.martin@gmail.com,9999888877
Matthew,Hall,matthew.hall@gmail.com,5555222266
Isabella,Moore,isabella.moore@gmail.com,8888777766
James,Taylor,james.taylor@gmail.com,3333444433
Sophia,Williams,sophia.williams@gmail.com,6666777788
Jackson,Anderson,jackson.anderson@gmail.com,2222111133
Olivia,Davis,olivia.davis@gmail.com,9999111122
Logan,Smith,logan.smith@gmail.com,4444555566
Emily,Moore,emily.moore@gmail.com,7777666655
Lucas,Brown,lucas.brown@gmail.com,1111222233
Mia,Thomas,mia.thomas@gmail.com,8888333322
Ethan,Harris,ethan.harris@gmail.com,5555444433
Ava,Anderson,ava.anderson@gmail.com,2222333344
Liam,Taylor,liam.taylor@gmail.com,9999888877
Emma,Jackson,emma.jackson@gmail.com,4444333322
Noah,Hall,noah.hall@gmail.com,1111888877
Olivia,Williams,olivia.williams@gmail.com,6666777788
Sophia,Moore,sophia.moore@gmail.com,3333444433
William,Smith,william.smith@gmail.com,7777666655
Emily,White,emily.white@gmail.com,2222111133
Alexander,Thomas,alexander.thomas@gmail.com,9999111122
Grace,Harris,grace.harris@gmail.com,5555444433
Benjamin,Anderson,benjamin.anderson@gmail.com,8888333322
Liam,Brown,liam.brown@gmail.com,4444555566
Chloe,Johnson,chloe.johnson@gmail.com,7777666655
James,Moore,james.moore@gmail.com,1111222233
Zoe,Smith,zoe.smith@gmail.com,6666777788
Oliver,Davis,oliver.davis@gmail.com,3333444433
Sophia,Hall,sophia.hall@gmail.com,8888777766
Charlotte,Williams,charlotte.williams@gmail.com,5555222266
Liam,White,liam.white@gmail.com,4444333322
Ava,Moore,ava.moore@gmail.com,9999888877
Emma,Johnson,emma.johnson@gmail.com,2222111133
Noah,Thomas,noah.thomas@gmail.com,1111888877
Olivia,Harris,olivia.harris@gmail.com,5555444433
Mia,Brown,mia.brown@gmail.com,4444555566
Liam,Hall,liam.hall@gmail.com,7777666655
Ava,Williams,ava.williams@gmail.com,1111222233
Olivia,Anderson,olivia.anderson@gmail.com,6666777788
Sophia,Moore,sophia.moore@gmail.com,8888777766
Ethan,Smith,ethan.smith@gmail.com,5555222266
Emma,Davis,emma.davis@gmail.com,3333444433
Alexander,Thomas,alexander.thomas@gmail.com,2222111133
Grace,Harris,grace.harris@gmail.com,9999888877
Benjamin,Anderson,benjamin.anderson@gmail.com,4444333322
Liam,Brown,liam.brown@gmail.com,1111888877
Chloe,Johnson,chloe.johnson@gmail.com,7777666655
James,Moore,james.moore@gmail.com,4444555566
Zoe,Smith,zoe.smith@gmail.com,6666777788
Oliver,Davis,oliver.davis@gmail.com,3333444433
Sophia,Hall,sophia.hall@gmail.com,8888777766
Charlotte,Williams,charlotte.williams@gmail.com,5555222266
Liam,White,liam.white@gmail.com,4444333322
Ava,Moore,ava.moore@gmail.com,9999888877
Emma,Johnson,emma.johnson@gmail.com,2222111133
Noah,Thomas,noah.thomas@gmail.com,1111888877
Olivia,Harris,olivia.harris@gmail.com,5555444433
Mia,Brown,mia.brown@gmail.com,4444555566
Liam,Hall,liam.hall@gmail.com,7777666655
Ava,Williams,ava.williams@gmail.com,1111222233
Olivia,Anderson,olivia.anderson@gmail.com,6666777788
Sophia,Moore,sophia.moore@gmail.com,8888777766
Ethan,Smith,ethan.smith@gmail.com,5555222266
Emma,Davis,emma.davis@gmail.com,3333444433
Alexander,Thomas,alexander.thomas@gmail.com,2222111133
Grace,Harris,grace.harris@gmail.com,9999888877
Benjamin,Anderson,benjamin.anderson@gmail.com,4444333322
Liam,Brown,liam.brown@gmail.com,1111888877
Chloe,Johnson,chloe.johnson@gmail.com,7777666655
James,Moore,james.moore@gmail.com,4444555566
Zoe,Smith,zoe.smith@gmail.com,6666777788
Oliver,Davis,oliver.davis@gmail.com,3333444433
Sophia,Hall,sophia.hall@gmail.com,8888777766
Charlotte,Williams,charlotte.williams@gmail.com,5555222266
Liam,White,liam.white@gmail.com,4444333322
Ava,Moore,ava.moore@gmail.com,9999888877
Emma,Johnson,emma.johnson@gmail.com,2222111133
Noah,Thomas,noah.thomas@gmail.com,1111888877
Olivia,Harris,olivia.harris@gmail.com,5555444433
Mia,Brown,mia.brown@gmail.com,4444555566
Liam,Hall,liam.hall@gmail.com,7777666655
